title,rating,year,runtime
Third force voice.,4E,1976,168
Player that.,3E,2021,68
Bring your.,1E,1983,127
Upon bag environment.,5E,2015,81
Letter education.,4E,1989,177
Represent test.,3E,1982,129
Lay explain last.,3E,2020,175
Student I power.,3E,1976,123
Example accept under agent.,4E,1988,82
Test culture.,3E,1975,166
Staff head right president.,1E,1989,158
Write.,1E,1984,140
Final campaign state.,5E,2023,93
Senior manager.,3E,2002,142
Describe fund approach.,4E,2012,145
Recent budget.,5E,1972,169
Main imagine.,4E,2024,91
Answer religious public.,2E,2010,145
Tonight.,3E,1974,70
Recently around.,5E,2019,126
Share activity small material.,3E,1980,124
Tree there late.,1E,1980,112
Specific energy.,4E,2022,150
Student if thing.,3E,1977,62
Past camera TV especially.,5E,2018,172
Central suggest senior.,1E,2011,148
Ability entire.,1E,1997,75
Father way.,2E,1977,163
Let relate son.,3E,2009,102
Memory word husband.,1E,1981,161
Can later.,4E,2016,138
Together ability medical.,3E,2019,74
Positive family.,2E,1996,122
Institution I service.,2E,1978,80
Wind chance.,5E,2012,101
Against set.,1E,2002,84
Effort wonder they.,3E,2008,88
Maintain win better.,5E,1983,98
Former author particularly.,3E,1991,133
Get somebody soon board.,1E,1995,97
What.,4E,1970,139
Kid find myself.,3E,1986,91
Deal environment sense.,4E,1982,112
Court per light.,2E,2015,170
Fall believe control.,4E,1997,80
Hope nor.,2E,1995,175
Course matter series.,3E,1979,98
Think buy.,3E,2024,104
Modern success.,5E,1996,104
Including few.,2E,1994,74
Defense.,5E,2018,78
Hour perhaps.,2E,1981,139
Unit environmental manager and.,3E,2018,112
Economy possible Mr.,4E,1992,127
List task.,4E,1988,124
Even it later space.,2E,1981,170
None pressure.,1E,2014,150
One stuff time.,2E,2023,73
Rich my drop.,1E,2004,101
Until home.,2E,2009,102
Executive indicate.,2E,2007,71
Type amount our.,5E,2014,143
Major capital later.,2E,1975,67
Girl meet fly.,2E,2011,61
Kitchen option everybody.,3E,2020,127
Alone important.,2E,2000,141
Teacher method white.,2E,1988,144
Produce product.,5E,1993,162
Arrive board.,3E,1990,132
Speak change local expect.,4E,1989,139
Radio off culture above.,3E,1997,128
Admit unit whom.,5E,2002,80
Without trip.,4E,1993,116
Inside station.,3E,1998,79
Executive yet.,3E,1994,68
Explain process.,5E,2012,136
Should nearly wish lot.,1E,2013,114
Call difficult.,4E,1976,96
Prevent great effect.,5E,1993,160
When girl.,2E,2011,127
Say be professor.,3E,2003,177
Reality challenge officer.,3E,1980,158
Local although.,4E,1980,112
Food owner.,1E,1976,144
Without education customer lead.,1E,1992,114
Miss action must.,1E,1989,135
Experience possible picture yeah.,1E,2022,118
I card.,2E,1994,143
Old fast beyond.,4E,2011,170
Plan today.,4E,1991,90
Method others herself.,1E,2022,105
Concern garden media whatever.,1E,2011,117
Language good inside.,1E,2004,119
Space rate protect.,5E,1994,155
Which similar.,2E,2013,83
Water side.,3E,1982,142
News institution interesting.,2E,1975,74
Interest middle figure.,4E,1976,166
Explain upon action.,1E,2001,132
Everybody class better.,5E,1984,83
